{
  "marketing_stripe": {
    "text": "",
    "link": "",
    "background": "",
    "color": ""
  },
  "contacts_stripe": {
    "pages": [],
    "phone_wpp": false,
    "socials": false
  },
  "categories_list": {
    "featured": [
      "/173127?AVENTAIS DESCÁRTAVEIS",
      "/pages/feedback-do-cliente?Feedback dos Clientes",
      "/pages/feedback-do-cliente?Feedback dos Clientes",
      "/pages/feedback-do-cliente?Feedback dos Clientes"
    ],
    "random": 4,
    "full_width": true
  },
  "desktop_megamenu": true,
  "search_input": false,
  "alphabetical_order_submenu": false,
  "full_width_submenu": false
}