{
  "meta_title": "Guímel Kits Cirúgicos",
  "meta_description": "Os melhores Kits Cirúrgicos Buco Estéreis para sua Clínica, com preços acessíveis e a melhor qualidade do mercado!",
  "sections": [
    {
      "type": "banner-slider",
      "autoplay": 9000,
      "full_width": false,
      "slides": [
        {
          "img": "/img/uploads/banner.webp",
          "link": "",
          "alt": "image banner",
          "start": "",
          "end": "",
          "mobile_img": "/img/uploads/banner-mobile.webp"
        },
        {
          "start": "",
          "end": "",
          "img": "/img/uploads/banner.webp",
          "mobile_img": "/img/uploads/banner-mobile.webp",
          "alt": "image banner"
        }
      ]
    },
    {
      "type": "info-bar",
      "enabled": true
    },
    {
      "type": "page-title",
      "title": "Guímel, os melhores Kits Cirúrgicos Buco Estéreis do mercado.",
      "description": "Com preços acessíveis e a melhor qualidade do mercado! Desde 1998 suprindo profissionais que buscam o melhor!"
    },
    {
      "type": "collection-shelf",
      "shuffle": false,
      "collection_id": "619391050c7c727225846134:collections:KIT IMPLANTE BUCO ESTÉRIL:/kit-implante-buco-esteril",
      "sort": "offers",
      "title": "",
      "headless": false,
      "limit": 12,
      "page": 1
    },
    {
      "type": "collection-shelf",
      "shuffle": false,
      "limit": 12,
      "page": 1,
      "collection_id": "619fc7180c7c7272259ba7c2:categories:Feedback dos Clientes:/pages/feedback-do-cliente",
      "headless": false,
      "sort": "slug",
      "title": "Veja as avaliações dos nossos clientes"
    }
  ]
}